<?xml version="1.0" encoding="UTF-8"?>
<project default="generate" name="wfwps.acceleo">
    <property name="ECLIPSE_HOME" value="../../../eclipse"/>
    <property name="ECLIPSE_WORKSPACE" value="../.."/>

    <!-- The classpath with only the dependencies used by the project -->
    <path id="wfwps.acceleo.libraryclasspath">
        <pathelement location="${ECLIPSE_WORKSPACE}/wfwps.acceleo/bin"/>
        <pathelement location="${ECLIPSE_HOME}/jdk1.8.0_144/jre/lib/resources.jar"/>
        <pathelement location="${ECLIPSE_HOME}/jdk1.8.0_144/jre/lib/rt.jar"/>
        <pathelement location="${ECLIPSE_HOME}/jdk1.8.0_144/jre/lib/jsse.jar"/>
        <pathelement location="${ECLIPSE_HOME}/jdk1.8.0_144/jre/lib/jce.jar"/>
        <pathelement location="${ECLIPSE_HOME}/jdk1.8.0_144/jre/lib/charsets.jar"/>
        <pathelement location="${ECLIPSE_HOME}/jdk1.8.0_144/jre/lib/jfr.jar"/>
        <pathelement location="${ECLIPSE_HOME}/jdk1.8.0_144/jre/lib/ext/access-bridge-32.jar"/>
        <pathelement location="${ECLIPSE_HOME}/jdk1.8.0_144/jre/lib/ext/cldrdata.jar"/>
        <pathelement location="${ECLIPSE_HOME}/jdk1.8.0_144/jre/lib/ext/dnsns.jar"/>
        <pathelement location="${ECLIPSE_HOME}/jdk1.8.0_144/jre/lib/ext/jaccess.jar"/>
        <pathelement location="${ECLIPSE_HOME}/jdk1.8.0_144/jre/lib/ext/jfxrt.jar"/>
        <pathelement location="${ECLIPSE_HOME}/jdk1.8.0_144/jre/lib/ext/localedata.jar"/>
        <pathelement location="${ECLIPSE_HOME}/jdk1.8.0_144/jre/lib/ext/nashorn.jar"/>
        <pathelement location="${ECLIPSE_HOME}/jdk1.8.0_144/jre/lib/ext/sunec.jar"/>
        <pathelement location="${ECLIPSE_HOME}/jdk1.8.0_144/jre/lib/ext/sunjce_provider.jar"/>
        <pathelement location="${ECLIPSE_HOME}/jdk1.8.0_144/jre/lib/ext/sunmscapi.jar"/>
        <pathelement location="${ECLIPSE_HOME}/jdk1.8.0_144/jre/lib/ext/sunpkcs11.jar"/>
        <pathelement location="${ECLIPSE_HOME}/jdk1.8.0_144/jre/lib/ext/zipfs.jar"/>
        <pathelement location="${ECLIPSE_HOME}/plugins/org.eclipse.fx.ide.css.jfx8_2.4.0.201605112122.jar"/>
        <pathelement location="${ECLIPSE_HOME}/jdk1.8.0_144/jre/lib/jfxswt.jar"/>
        <pathelement location="${ECLIPSE_HOME}/plugins/org.eclipse.core.runtime_3.12.0.v20160606-1342.jar"/>
        <pathelement location="${ECLIPSE_HOME}/plugins/javax.inject_1.0.0.v20091030.jar"/>
        <pathelement location="${ECLIPSE_HOME}/plugins/org.eclipse.osgi_3.11.0.v20160603-1336.jar"/>
        <pathelement location="${ECLIPSE_HOME}/plugins/org.eclipse.fx.osgi_2.4.0.201605100504.jar"/>
        <pathelement location="${ECLIPSE_HOME}/plugins/org.eclipse.osgi.compatibility.state_1.0.200.v20160504-1419.jar"/>
        <pathelement location="${ECLIPSE_HOME}/plugins/org.eclipse.equinox.common_3.8.0.v20160509-1230.jar"/>
        <pathelement location="${ECLIPSE_HOME}/plugins/org.eclipse.core.jobs_3.8.0.v20160509-0411.jar"/>
        <pathelement location="${ECLIPSE_HOME}/plugins/org.eclipse.equinox.registry_3.6.100.v20160223-2218.jar"/>
        <pathelement location="${ECLIPSE_HOME}/plugins/org.eclipse.equinox.preferences_3.6.0.v20160120-1756.jar"/>
        <pathelement location="${ECLIPSE_HOME}/plugins/org.eclipse.core.contenttype_3.5.100.v20160418-1621.jar"/>
        <pathelement location="${ECLIPSE_HOME}/plugins/org.eclipse.equinox.app_1.3.400.v20150715-1528.jar"/>
        <pathelement location="${ECLIPSE_HOME}/plugins/org.eclipse.emf.ecore_2.12.0.v20160420-0247.jar"/>
        <pathelement location="${ECLIPSE_HOME}/plugins/org.eclipse.emf.common_2.12.0.v20160420-0247.jar"/>
        <pathelement location="${ECLIPSE_HOME}/plugins/org.eclipse.emf.ecore.xmi_2.12.0.v20160420-0247.jar"/>
        <pathelement location="${ECLIPSE_HOME}/plugins/org.eclipse.ocl_3.6.0.v20160523-1914.jar"/>
        <pathelement location="${ECLIPSE_HOME}/plugins/lpg.runtime.java_2.0.17.v201004271640.jar"/>
        <pathelement location="${ECLIPSE_HOME}/plugins/org.eclipse.ocl.common_1.4.0.v20160521-2033.jar"/>
        <pathelement location="${ECLIPSE_HOME}/plugins/org.eclipse.ocl.ecore_3.6.0.v20160523-1914.jar"/>
        <pathelement location="${ECLIPSE_HOME}/plugins/org.eclipse.acceleo.common_3.6.6.201610060831.jar"/>
        <pathelement location="${ECLIPSE_HOME}/plugins/org.eclipse.acceleo.model_3.6.6.201610060831.jar"/>
        <pathelement location="${ECLIPSE_HOME}/plugins/org.eclipse.acceleo.profiler_3.6.6.201610060831.jar"/>
        <pathelement location="${ECLIPSE_HOME}/plugins/org.eclipse.acceleo.engine_3.6.6.201610060831.jar"/>
        <pathelement location="${ECLIPSE_HOME}/plugins/org.eclipse.emf.codegen.ecore_2.12.0.v20160526-0356.jar"/>
        <pathelement location="${ECLIPSE_HOME}/plugins/org.eclipse.emf.codegen_2.11.0.v20160526-0356.jar"/>
        <pathelement location="${ECLIPSE_HOME}/plugins/com.google.guava_15.0.0.v201403281430.jar"/>
        <pathelement location="${ECLIPSE_HOME}/plugins/org.eclipse.core.resources_3.11.0.v20160503-1608.jar"/>
    </path>

    <path id="wfwps.acceleo.classpath">
        <path refid="wfwps.acceleo.libraryclasspath"/>
    </path>

    <!-- The classpath with only the jars available in the plugin folder of Eclipse -->
    <path id="wfwps.acceleo.libraryclasspath.alljars">
        <pathelement location="../wfwps.acceleo/bin"/>
        <fileset dir="${ECLIPSE_HOME}/plugins/" includes="*.jar"/>
    </path>

    <path id="wfwps.acceleo.classpath.alljars">
        <path refid="wfwps.acceleo.libraryclasspath.alljars"/>
    </path>

    <!-- The default task with the jars used by this project -->
    <target name="generate">
        <java classname="wfwps.acceleo.main.Generate" classpathref="wfwps.acceleo.classpath">
            <arg value="${model}"/>
            <arg value="${target}"/>
        </java>
    </target>

    <!--
        In case of problem you can also try with all the jar available in your Eclipse
        Keep in mind that having two versions of the same jar can create problems
    -->
    <target name="generate.alljars">
        <java classname="wfwps.acceleo.main.Generate" classpathref="wfwps.acceleo.classpath">
            <arg value="${model}"/>
            <arg value="${target}"/>
        </java>
    </target>
</project>
